{"Name":"Nati.json","Directory":"Nati.json","Value":999396.339,"Cost":1000,"Equity":396.33899999999994,"TotalGainLoss":-603.6610000000001,"TotalGainLossPrcnt":-0.603661,"Cash":999000,"Positions":{"PFE":{"Shares":10,"AvgPrice":100,"LatestPrice":39.6339,"TotalCost":1000,"Equity":396.33899999999994,"GainLoss":-603.6610000000001,"GainLossPrcnt":-0.603661,"PrcntOfPort":0.0003965783989128661}},"History":{"05-11-2021":[{"Type":"Deposit","Ticker":"N/A","Shares":1000000,"UnitPrice":1,"OrderTotal":1000000},{"Type":"Buy","Ticker":"PFE","Shares":10,"UnitPrice":100,"OrderTotal":1000}]}}